customer_id,age,income,spending_score,tenure_months,num_purchases,category,region,is_churned,age_group
1,40,73106.0,17.70236095385294,4,13,Premium,North,0,36-45
2,33,57659.0,4.146697521282487,15,7,Basic,North,0,26-35
3,42,37414.0,27.61974130074415,32,25,Standard,East,0,36-45
4,53,26279.0,9.425356031693806,48,12,Basic,South,0,46-55
5,32,,41.18445340829866,23,17,Premium,West,0,26-35
6,32,44211.0,51.57009792685964,26,22,Basic,South,1,26-35
7,53,56817.0,63.42283268293693,3,12,Premium,North,0,46-55
8,44,49890.0,27.170217319000567,69,19,Basic,North,0,36-45
9,29,61376.0,16.115555595365105,3,11,Basic,West,0,26-35
10,41,27788.0,30.19616530585536,35,14,Basic,North,1,36-45
11,29,70171.0,24.747616586330075,7,10,Standard,West,0,26-35
12,29,40086.0,27.73672197869529,65,15,Basic,West,0,26-35
13,37,102501.0,47.222499596045935,30,13,Standard,South,0,36-45
14,18,25729.0,21.903951367592533,33,17,Premium,West,0,18-25
15,18,86507.0,25.130404126245264,5,11,Standard,North,0,18-25
16,28,40092.0,13.449891422559364,14,19,Premium,East,0,26-35
17,22,26220.0,25.75375190463321,23,12,Basic,East,0,18-25
18,38,28511.0,57.58311543371693,35,12,Premium,North,0,36-45
19,24,30940.0,17.478898807467754,2,18,Standard,East,0,18-25
20,18,44895.0,44.04393990716352,78,9,Standard,East,1,18-25
21,52,47165.0,23.996872315505716,53,10,Standard,West,0,46-55
22,32,,44.57504855829945,7,10,Standard,East,0,26-35
23,35,35875.0,41.814573239418394,41,22,Premium,East,0,26-35
24,18,105993.0,12.477872464880942,17,13,Standard,East,0,18-25
25,28,86143.0,41.35696874278296,14,14,Standard,South,0,26-35
26,36,,8.55221607194543,9,11,Basic,North,1,36-45
27,21,37012.0,10.238495285184403,20,13,Basic,West,1,18-25
28,39,38561.0,22.850508874050057,31,12,Basic,East,0,36-45
29,27,49353.0,54.66614162505907,12,8,Premium,North,0,26-35
30,31,21776.0,35.10850322437097,23,14,Standard,East,0,26-35
31,27,31930.0,13.941057604626685,28,13,Premium,South,0,26-35
32,57,20000.0,5.369951548994858,29,12,Premium,South,0,56+
33,34,44338.0,38.06987361056626,1,7,Standard,East,0,26-35
34,22,50191.0,27.942240442944833,47,10,Standard,East,0,18-25
35,44,28521.0,30.66911814390244,14,18,Standard,East,0,36-45
36,20,79777.0,34.30330836467325,7,16,Standard,South,0,18-25
37,37,20000.0,47.611454437072084,6,15,Basic,South,0,36-45
38,18,20000.0,25.54704259647891,15,13,Standard,North,0,18-25
39,19,40628.0,50.120060178320834,52,11,Standard,West,0,18-25
40,37,61300.0,15.400666296079905,11,21,Standard,West,0,36-45
41,43,84285.0,6.323234040516468,33,16,Standard,South,0,36-45
42,37,28869.0,44.834545888275386,2,10,Premium,West,0,36-45
43,33,62276.0,10.997586339778064,15,15,Standard,East,0,26-35
44,31,35622.0,29.980310270744265,114,14,Standard,North,0,26-35
45,18,33312.0,53.63077304756033,35,16,Basic,South,1,18-25
46,26,56490.0,6.705426999363957,5,15,Basic,South,0,26-35
47,29,50320.0,33.73425781481131,16,19,Standard,West,0,26-35
48,47,20000.0,6.163751556213369,6,10,Standard,East,0,46-55
49,39,75983.0,26.69105924136806,12,17,Standard,North,1,36-45
50,18,72406.0,1.4681933127792124,36,14,Basic,West,0,18-25
51,38,26561.0,9.291290127017376,35,17,Standard,South,1,36-45
52,30,44262.0,16.208459011388985,6,29,Standard,South,0,26-35
53,26,46491.0,5.558771864927384,61,16,Premium,West,1,26-35
54,42,41371.0,36.287314213680425,21,20,Premium,East,0,36-45
55,47,27580.0,32.618555306964204,11,19,Basic,North,0,46-55
56,46,25956.0,55.16768599767244,16,11,Standard,North,1,46-55
57,24,35854.0,10.991865606237472,22,13,Standard,North,1,18-25
58,31,65275.0,21.718481039517947,19,17,Standard,North,0,26-35
59,38,47657.0,7.822097883115157,15,9,Standard,East,0,36-45
60,46,30172.0,17.67688055025618,16,16,Basic,South,0,46-55
61,29,53415.0,59.54379734962467,4,18,Basic,South,0,26-35
62,32,,39.717268660938096,40,14,Standard,North,0,26-35
63,21,64497.0,10.556720645550325,18,13,Premium,North,1,18-25
64,20,20000.0,3.1185910555505734,3,20,Standard,North,0,18-25
65,44,30296.0,2.795796197908192,34,17,Standard,West,0,36-45
66,51,20747.0,36.797659433535934,64,11,Standard,West,0,46-55
67,34,20000.0,15.912957130042498,70,19,Standard,South,0,26-35
68,47,,73.8086963835553,11,17,Premium,South,0,46-55
69,39,28742.0,24.369917696780018,3,12,Standard,North,0,36-45
70,27,43185.0,17.097774059130703,17,11,Premium,West,0,26-35
71,39,35473.0,8.072398199878913,2,11,Basic,East,0,36-45
72,53,46097.0,44.777919975228045,65,13,Standard,West,0,46-55
73,34,37737.0,19.73516547155251,4,15,Basic,South,1,26-35
74,53,20000.0,26.14729695537016,6,12,Premium,West,1,46-55
75,18,59762.0,27.91904822094437,12,16,Standard,South,0,18-25
76,44,28370.0,24.924642287697086,11,15,Basic,North,0,36-45
77,36,20000.0,38.88004532026781,37,17,Standard,East,0,36-45
78,31,29317.0,8.983097773481852,14,14,Basic,North,0,26-35
79,36,76909.0,23.935370414756978,4,19,Standard,North,0,36-45
80,18,55554.0,20.045204994057464,7,15,Standard,East,0,18-25
81,32,30505.0,40.099694375353145,17,16,Standard,East,0,26-35
82,39,30496.0,46.74355152035755,3,14,Standard,East,0,36-45
83,52,30920.0,12.791579245418195,22,15,Standard,South,0,46-55
84,28,102577.0,40.373494198452505,20,16,Standard,North,1,26-35
85,25,43957.0,8.948655761560051,30,15,Standard,South,0,18-25
86,28,45027.0,24.781566399063273,66,13,Standard,East,1,26-35
87,45,60787.0,26.449203451846,58,15,Standard,South,0,36-45
88,38,40920.0,45.49932251283339,70,10,Standard,East,0,36-45
89,28,31903.0,38.95079338725104,6,14,Premium,West,0,26-35
90,41,32919.0,9.718177285658083,3,18,Standard,East,0,36-45
91,36,35038.0,38.28986050331805,8,19,Basic,North,0,36-45
92,46,35645.0,29.7838427885603,54,9,Basic,North,0,46-55
93,26,52251.0,59.03979088514873,85,14,Standard,North,0,26-35
94,31,37271.0,17.60983318750709,47,18,Basic,South,0,26-35
95,30,52382.0,21.44134952920709,2,14,Standard,North,1,26-35
96,18,34879.0,62.04682337798466,70,11,Basic,East,0,18-25
97,38,37771.0,48.72331449600043,13,14,Basic,West,0,36-45
98,38,20000.0,9.62069245149608,0,11,Basic,North,0,36-45
99,35,57420.0,24.965580347196685,14,20,Premium,South,0,26-35
100,32,43184.0,34.1237799092246,1,13,Standard,West,0,26-35
101,18,59814.0,40.09150563139554,18,9,Premium,North,0,18-25
102,29,20000.0,11.793590761943243,9,17,Basic,North,0,26-35
103,30,103175.0,55.72754113921148,15,14,Standard,West,0,26-35
104,25,33867.0,6.294278801876782,22,24,Basic,North,0,18-25
105,33,63202.0,12.29522065476817,48,22,Standard,South,0,26-35
106,39,21591.0,53.02969759506505,26,15,Basic,East,1,36-45
107,57,49334.0,27.09993961105075,13,11,Premium,East,0,56+
108,37,21445.0,27.708902751884185,41,12,Premium,West,0,36-45
109,38,26585.0,30.11841922288169,56,14,Standard,East,1,36-45
110,34,94562.0,14.014940155761474,3,14,Standard,North,0,26-35
111,18,33013.0,7.373378490111674,18,16,Standard,North,0,18-25
112,34,40486.0,32.915651051709325,8,10,Basic,South,0,26-35
113,35,56108.0,35.9768584824016,1,12,Premium,East,0,26-35
114,64,46529.0,30.977747327024048,26,13,Standard,West,1,56+
115,32,39152.0,18.035041428788407,47,10,Basic,North,0,26-35
116,38,43585.0,11.049325801614986,4,16,Premium,West,0,36-45
117,34,120777.0,22.685261894516533,40,12,Basic,North,0,26-35
118,20,35284.0,63.890597017032235,46,14,Basic,North,1,18-25
119,48,40156.0,24.313915351568323,58,11,Premium,South,0,46-55
120,44,61409.0,21.596804604807858,7,14,Standard,East,0,36-45
121,44,63118.0,24.855717435847975,56,17,Standard,South,1,36-45
122,24,65743.0,23.747045971287374,9,20,Basic,East,0,18-25
123,51,49979.0,53.19284493276698,19,10,Standard,West,0,46-55
124,18,20506.0,39.04389243462244,1,14,Standard,East,0,18-25
125,42,82183.0,16.973758904288573,1,21,Basic,West,0,36-45
126,61,20472.0,20.402617501501798,30,12,Premium,North,0,56+
127,23,42248.0,25.492632671059894,14,15,Basic,West,0,18-25
128,28,24905.0,28.90608269629375,7,12,Basic,West,0,26-35
129,36,35169.0,14.078969013769079,5,11,Standard,North,0,36-45
130,28,42803.0,18.846863488275698,26,17,Basic,West,0,26-35
131,18,,56.519920122779276,0,17,Basic,West,0,18-25
132,35,44844.0,54.41384134079764,39,24,Standard,North,0,26-35
133,22,81377.0,20.74958132489381,1,22,Standard,North,1,18-25
134,40,45559.0,19.37947313120766,5,18,Standard,North,0,36-45
135,23,32142.0,39.1736597857107,11,15,Premium,East,1,18-25
136,53,58808.0,5.49042835324885,15,11,Basic,North,0,46-55
137,25,65823.0,51.3200034727355,10,10,Premium,North,0,18-25
138,31,20000.0,16.80138488305095,9,23,Standard,West,0,26-35
139,44,48957.0,34.9845138296325,79,16,Standard,South,0,36-45
140,20,51564.0,6.470899156806993,24,13,Premium,South,0,18-25
141,37,31295.0,39.92098512519557,0,13,Basic,East,0,36-45
142,50,72247.0,36.02074853627583,13,27,Basic,East,1,46-55
143,18,33690.0,33.681581644063755,49,18,Standard,South,0,18-25
144,37,38668.0,12.566751557557145,8,12,Standard,South,0,36-45
145,38,33305.0,18.6745643052941,2,17,Premium,North,1,36-45
146,44,36599.0,30.90542956810058,34,17,Standard,West,1,36-45
147,20,20991.0,16.11047165510067,22,22,Standard,North,1,18-25
148,19,20000.0,15.601939383489905,20,20,Standard,East,0,18-25
149,41,80599.0,48.91720840330514,1,14,Basic,South,0,36-45
150,38,23778.0,4.05952160464261,3,14,Standard,East,0,36-45
151,38,22121.0,50.131001717307036,23,18,Basic,North,0,36-45
152,39,20000.0,12.548012366790593,5,19,Standard,East,0,36-45
153,26,26384.0,37.83262469877855,16,13,Standard,East,0,26-35
154,37,20000.0,32.22129037148612,18,21,Basic,West,0,36-45
155,38,82537.0,12.136225357209518,8,20,Standard,East,0,36-45
156,26,60168.0,16.47667199410821,71,17,Basic,North,0,26-35
157,57,25743.0,42.10690230658029,44,17,Standard,West,0,56+
158,40,111995.0,22.30656431040991,30,15,Premium,East,0,36-45
159,20,59330.0,74.75416808203147,1,13,Basic,North,1,18-25
160,42,30871.0,17.653263115212866,2,9,Standard,South,0,36-45
161,23,20000.0,16.939987569774235,16,14,Basic,West,0,18-25
162,44,114173.0,10.123676310915995,4,17,Basic,East,0,36-45
163,48,20000.0,15.521976788527784,91,16,Premium,East,0,46-55
164,25,20000.0,25.16719879928031,4,19,Standard,West,0,18-25
165,46,60553.0,69.88438963940432,16,21,Standard,North,1,46-55
166,39,122992.0,16.287619472878653,10,20,Standard,East,0,36-45
167,44,72557.0,3.5861074519571012,24,15,Basic,North,0,36-45
168,57,48144.0,18.689261626561333,3,21,Standard,West,0,56+
169,32,48892.0,28.021975907890234,13,12,Standard,East,0,26-35
170,25,55642.0,50.39853388745347,7,14,Basic,South,1,18-25
171,24,53075.0,29.05356993774629,52,12,Premium,South,0,18-25
172,25,41797.0,21.37032540043946,0,8,Basic,South,0,18-25
173,34,,17.420404077010232,58,11,Standard,West,0,26-35
174,39,35196.0,39.919600736253635,42,7,Basic,East,0,36-45
175,38,24909.0,26.593194966384743,8,11,Standard,West,0,36-45
176,44,31560.0,40.20401338219226,37,15,Premium,East,0,36-45
177,35,20000.0,10.54043592980552,0,18,Standard,South,0,26-35
178,52,34573.0,18.962207868009486,81,21,Premium,South,0,46-55
179,31,22152.0,35.48328182831717,17,15,Basic,North,0,26-35
180,67,20914.0,7.851743073924757,8,13,Premium,West,1,56+
181,42,39733.0,12.350488995470801,10,17,Basic,West,0,36-45
182,24,72838.0,24.137784545030637,1,10,Standard,North,0,18-25
183,22,57478.0,46.885431030478045,109,14,Standard,South,1,18-25
184,40,20000.0,54.916718143605124,0,12,Premium,South,0,36-45
185,32,22140.0,13.208665662881735,25,20,Standard,West,0,26-35
186,43,58127.0,29.893631402013455,14,9,Standard,East,0,36-45
187,40,22220.0,51.46805029932751,71,9,Standard,South,0,36-45
188,34,32457.0,40.08971368260079,6,11,Basic,North,1,26-35
189,24,47811.0,28.42255949831302,18,20,Standard,North,0,18-25
190,18,22377.0,31.754411011338217,15,16,Standard,North,0,18-25
191,29,38280.0,13.84834698703489,29,20,Standard,West,0,26-35
192,45,20000.0,20.097123645401037,1,17,Premium,West,0,36-45
193,37,26884.0,24.188964316220723,5,11,Basic,West,1,36-45
194,20,42611.0,22.956119418903832,5,14,Standard,West,0,18-25
195,37,20000.0,21.568607571636463,32,14,Premium,North,0,36-45
196,39,45262.0,12.310958018220287,5,16,Standard,North,0,36-45
197,24,35960.0,51.606248585607375,20,14,Standard,West,0,18-25
198,36,47870.0,26.23139249573352,5,12,Standard,West,0,36-45
199,35,40617.0,23.099426875149454,47,14,Standard,North,0,26-35
200,21,71830.0,9.595128593448145,68,9,Premium,West,0,18-25
201,39,38661.0,34.035335737121706,17,11,Standard,West,0,36-45
202,41,29298.0,15.694670027434334,10,14,Basic,West,1,36-45
203,47,38605.0,16.20025771710848,6,16,Premium,West,0,46-55
204,47,47650.0,19.459935313145536,1,14,Basic,South,0,46-55
205,18,37213.0,38.890333638492116,7,11,Premium,West,1,18-25
206,23,37060.0,32.40072686151163,25,20,Basic,North,0,18-25
207,41,25565.0,5.6960686861772745,18,14,Standard,North,1,36-45
208,41,26070.0,50.68443274386883,69,15,Standard,North,1,36-45
209,41,20000.0,30.439250526781684,12,16,Premium,North,0,36-45
210,80,87097.0,29.72452247392276,28,11,Premium,West,0,56+
211,41,20000.0,13.67056096153261,16,10,Standard,South,0,36-45
212,48,25682.0,44.914011712217096,17,11,Premium,East,0,46-55
213,46,25356.0,25.181479605739426,7,13,Standard,East,0,46-55
214,42,56809.0,16.951392607312645,14,17,Standard,East,0,36-45
215,31,31336.0,8.014649270573642,15,10,Standard,East,0,26-35
216,44,67769.0,23.25370523553835,29,19,Basic,North,0,36-45
217,25,25932.0,48.41625365767797,67,16,Standard,West,0,18-25
218,32,41751.0,16.93257626556566,9,16,Standard,West,1,26-35
219,29,23916.0,7.477892700140167,1,9,Standard,East,0,26-35
220,35,106146.0,18.52423234921943,16,11,Standard,East,0,26-35
221,62,20054.0,16.796351370450527,18,17,Standard,South,0,56+
222,18,42400.0,27.633549496605447,4,16,Basic,South,1,18-25
223,43,49855.0,13.097855154707991,34,19,Standard,South,1,36-45
224,18,44662.0,15.42500262093677,100,12,Premium,North,0,18-25
225,29,33102.0,8.993538353011882,69,15,Standard,West,1,26-35
226,48,34033.0,34.65590425511273,5,15,Standard,North,0,46-55
227,35,37119.0,16.499025374641892,49,12,Basic,North,1,26-35
228,22,33742.0,14.543818446371128,29,14,Basic,West,0,18-25
229,26,58802.0,45.1163889216197,14,20,Premium,South,0,26-35
230,43,109673.0,52.9206349858932,18,15,Premium,West,0,36-45
231,26,27481.0,37.7177197138795,45,18,Standard,East,0,26-35
232,37,20000.0,49.77153092263308,15,14,Standard,South,0,36-45
233,35,34747.0,42.318456662924476,11,18,Standard,West,0,26-35
234,27,131907.0,21.733647489695564,16,11,Basic,North,1,26-35
235,60,24298.0,10.549743468741864,20,12,Standard,West,0,56+
236,42,82417.0,17.711581607683303,5,18,Standard,South,0,36-45
237,18,84023.0,15.601042342477015,55,14,Premium,East,0,18-25
238,37,27534.0,35.83027272484148,26,8,Basic,North,0,36-45
239,27,48266.0,23.82117203777517,24,16,Standard,East,1,26-35
240,45,81977.0,4.4437637134920625,2,14,Basic,East,0,36-45
241,25,30044.0,17.743415640634936,22,7,Standard,North,0,18-25
242,33,32800.0,8.105034586883749,3,15,Standard,West,0,26-35
243,41,27150.0,23.325972978998845,1,9,Basic,West,0,36-45
244,45,21864.0,45.63029734443914,17,9,Basic,East,1,36-45
245,20,26248.0,11.099512270858748,12,11,Standard,West,0,18-25
246,30,20000.0,52.4107383079782,21,20,Standard,South,1,26-35
247,29,36939.0,24.94485341513156,2,13,Basic,East,0,26-35
248,27,24711.0,35.76596696917246,13,15,Standard,East,0,26-35
249,56,40818.0,14.11241998676989,4,17,Premium,East,1,56+
250,39,20000.0,25.621935561558058,104,21,Basic,South,0,36-45
251,19,42849.0,52.397914996172524,19,10,Premium,East,0,18-25
252,46,55092.0,48.19498063691885,27,11,Premium,West,0,46-55
253,60,20000.0,26.39644320402215,9,12,Premium,West,0,56+
254,47,43784.0,22.35141588845641,2,14,Standard,West,1,46-55
255,18,67092.0,27.642704708167386,89,12,Standard,West,0,18-25
256,29,,32.11292553414071,8,13,Standard,East,1,26-35
257,50,83808.0,55.740688568153594,13,20,Standard,South,0,46-55
258,26,44779.0,16.218908617481993,25,17,Standard,North,0,26-35
259,40,25527.0,15.480747939205203,0,15,Standard,West,0,36-45
260,44,35316.0,20.960392282734936,39,18,Premium,North,0,36-45
261,23,48009.0,10.686653718771085,18,7,Basic,North,1,18-25
262,34,37722.0,36.441921405229,7,18,Standard,East,0,26-35
263,18,47542.0,6.985421523280302,1,14,Basic,West,0,18-25
264,22,22917.0,57.525243814948965,4,15,Premium,West,1,18-25
265,31,39524.0,28.165155884564697,54,15,Basic,West,0,26-35
266,20,20000.0,37.94411536939452,27,12,Standard,North,0,18-25
267,54,34351.0,4.565963100292531,6,19,Premium,West,1,46-55
268,18,23110.0,39.07392159198113,1,18,Basic,West,0,18-25
269,29,25140.0,32.5902940621004,28,10,Basic,South,0,26-35
270,36,67376.0,34.50841502829877,20,14,Standard,East,0,36-45
271,52,,23.701367390107055,12,13,Basic,West,0,46-55
272,18,49245.0,42.43518655493258,10,17,Standard,West,0,18-25
273,48,,12.881200099088815,5,13,Basic,East,0,46-55
274,35,31001.0,32.99114686361586,26,13,Standard,East,0,26-35
275,23,66605.0,6.675553056618239,84,13,Standard,North,0,18-25
276,40,38982.0,10.571078303232644,4,13,Standard,North,1,36-45
277,37,115805.0,53.57995621053333,21,12,Standard,North,0,36-45
278,27,44207.0,15.957134377575057,13,14,Basic,East,0,26-35
279,35,39975.0,12.287989871766321,14,20,Premium,South,0,26-35
280,30,31114.0,30.995644773932714,7,20,Premium,West,0,26-35
281,36,38823.0,50.067412401716936,41,17,Standard,East,0,36-45
282,42,33649.0,19.253338124350865,15,15,Standard,South,0,36-45
283,54,51743.0,67.98139772747848,18,17,Premium,East,0,46-55
284,20,58591.0,16.580692395614125,8,10,Standard,South,0,18-25
285,60,24514.0,44.5325731706341,4,16,Basic,East,0,56+
286,18,20000.0,28.710346659034748,2,16,Standard,East,0,18-25
287,33,20000.0,20.515210248463084,30,17,Standard,South,0,26-35
288,42,46816.0,35.69482999794101,5,16,Basic,South,0,36-45
289,38,20916.0,8.720531597496315,28,13,Standard,South,0,36-45
290,27,20000.0,23.791157291652002,11,10,Basic,South,0,26-35
291,32,44103.0,21.25906368597829,12,9,Basic,South,0,26-35
292,29,126310.0,33.804747122767594,15,13,Standard,South,0,26-35
293,27,36205.0,29.052756084271987,11,11,Standard,South,0,26-35
294,45,55229.0,34.79181328972756,2,14,Standard,South,1,36-45
295,39,37832.0,42.21996077051172,8,13,Standard,East,1,36-45
296,26,34563.0,24.249642318363556,26,17,Basic,South,0,26-35
297,45,57499.0,30.247633739273528,26,17,Standard,South,0,36-45
298,38,31409.0,56.85546252018753,8,9,Standard,East,0,36-45
299,44,41510.0,29.393240112032725,14,15,Standard,East,0,36-45
300,42,42652.0,23.718069472344744,5,10,Premium,North,0,36-45
301,25,26002.0,43.484831360277724,5,16,Premium,North,0,18-25
302,28,59636.0,24.766475341982122,0,23,Basic,South,0,26-35
303,43,33273.0,59.15252921662858,54,21,Standard,South,0,36-45
304,42,24887.0,49.41427378687358,5,18,Standard,North,1,36-45
305,34,47489.0,19.275092244199293,6,16,Standard,North,0,26-35
306,36,23173.0,21.570858057122805,7,16,Basic,West,0,36-45
307,50,36830.0,45.48274324248505,3,11,Standard,West,0,46-55
308,27,36150.0,43.203347294911104,24,15,Basic,South,0,26-35
309,41,62501.0,47.27380263938699,1,19,Standard,West,1,36-45
310,32,46043.0,25.389739467619922,3,16,Basic,North,0,26-35
311,32,35863.0,28.572136176326275,24,19,Standard,South,0,26-35
312,48,54659.0,23.179228060444988,9,16,Standard,East,0,46-55
313,44,72773.0,23.320414628000993,29,10,Standard,East,1,36-45
314,44,47997.0,16.97303259220881,19,12,Standard,North,1,36-45
315,50,36503.0,49.151217411248695,7,17,Premium,West,0,46-55
316,35,20000.0,33.19587751508013,25,17,Standard,East,0,26-35
317,43,,34.27031340245881,2,21,Standard,West,0,36-45
318,31,31175.0,47.320746037150585,18,13,Premium,East,0,26-35
319,38,,5.7826174727944,13,14,Basic,West,1,36-45
320,33,33074.0,33.42823374545915,7,22,Standard,East,0,26-35
321,36,37358.0,50.55663733930453,22,22,Basic,East,1,36-45
322,42,47327.0,10.926771693672341,49,16,Standard,South,0,36-45
323,25,35057.0,47.637186210417106,163,19,Standard,South,1,18-25
324,60,46316.0,33.51520189164386,22,16,Standard,North,0,56+
325,22,37505.0,31.13112656037835,12,13,Standard,East,1,18-25
326,20,20000.0,31.56514521042244,6,20,Basic,West,0,18-25
327,48,22704.0,13.425930596426694,7,20,Standard,East,0,46-55
328,44,33791.0,4.261251654027319,15,15,Basic,West,0,36-45
329,42,20000.0,44.02492515093427,10,17,Basic,West,0,36-45
330,42,49019.0,11.95934956640864,58,18,Standard,East,0,36-45
331,34,78071.0,20.00779313230958,11,8,Basic,West,1,26-35
332,24,66794.0,70.0781797570807,11,16,Standard,North,0,18-25
333,35,32639.0,28.17555447671211,11,8,Basic,South,0,26-35
334,26,76524.0,34.92651154755516,43,16,Basic,West,0,26-35
335,46,39117.0,18.348662812958906,25,18,Premium,East,1,46-55
336,33,,50.23166737897835,22,13,Basic,South,0,26-35
337,25,26723.0,6.245007841002175,9,17,Standard,North,0,18-25
338,31,31218.0,43.544377003930066,40,16,Standard,West,0,26-35
339,39,29908.0,9.20630148030118,0,17,Standard,West,0,36-45
340,28,39545.0,62.575188838532945,49,16,Premium,South,0,26-35
341,25,39351.0,37.70081169472025,17,11,Standard,West,0,18-25
342,37,36370.0,12.71719790497805,12,15,Basic,East,0,36-45
343,37,45182.0,27.435287356315836,16,15,Premium,South,0,36-45
344,28,65862.0,38.256661568693126,26,29,Standard,South,0,26-35
345,29,58382.0,17.843961982715925,0,15,Premium,West,0,26-35
346,37,20000.0,21.62905367743838,49,14,Standard,North,0,36-45
347,18,,52.097403416453304,14,13,Basic,North,0,18-25
348,18,57939.0,27.9074004926693,10,16,Basic,North,0,18-25
349,26,20000.0,48.49887995749727,3,16,Basic,North,0,26-35
350,32,32455.0,34.81128642195799,13,13,Standard,South,0,26-35
351,38,20230.0,37.76973082787967,16,7,Standard,South,0,36-45
352,52,20000.0,45.52676384890687,12,8,Basic,West,0,46-55
353,45,47606.0,56.4636774420852,27,19,Basic,North,0,36-45
354,33,53081.0,13.525495524082077,13,17,Standard,North,0,26-35
355,34,27221.0,41.89062970344011,78,20,Standard,West,0,26-35
356,22,20000.0,62.772397336782085,21,13,Basic,West,1,18-25
357,34,,42.33062618932802,39,14,Basic,West,0,26-35
358,31,44174.0,32.42865327317485,2,14,Standard,East,0,26-35
359,38,20000.0,52.37323534287259,12,17,Basic,West,0,36-45
360,25,39802.0,68.43643932117193,9,19,Premium,West,0,18-25
361,41,36038.0,35.926527588984385,20,18,Standard,East,0,36-45
362,53,48515.0,39.39614324212918,47,11,Standard,North,0,46-55
363,33,38553.0,37.99956547644613,1,12,Premium,South,1,26-35
364,39,22325.0,8.417433653931045,1,15,Premium,North,0,36-45
365,43,66057.0,43.72271147397713,45,15,Premium,South,0,36-45
366,30,33548.0,9.410779357588526,5,13,Standard,South,0,26-35
367,37,35823.0,39.826128649897655,26,12,Basic,West,0,36-45
368,35,22773.0,7.76550664575109,18,14,Basic,West,0,26-35
369,36,29096.0,12.821245493162955,42,15,Standard,East,0,36-45
370,25,,21.425064305656615,3,15,Standard,North,0,18-25
371,35,33307.0,18.980885239554652,3,18,Basic,North,0,26-35
372,40,85464.0,44.9549690409468,19,15,Premium,South,1,36-45
373,52,20000.0,23.408313613509105,70,18,Basic,West,0,46-55
374,46,20000.0,10.047468691113757,12,11,Basic,West,0,46-55
375,60,75779.0,17.52910699720822,9,15,Premium,North,0,56+
376,25,32706.0,31.120624590899986,22,18,Basic,East,0,18-25
377,45,25989.0,30.725814341699852,63,10,Basic,West,1,36-45
378,37,,31.62298390616308,43,16,Premium,East,0,36-45
379,61,26827.0,44.93230296578293,129,8,Premium,North,0,56+
380,25,90490.0,49.92607592612914,0,17,Premium,North,0,18-25
381,24,50968.0,37.9732874760958,2,20,Standard,East,0,18-25
382,27,28454.0,25.879512048478876,22,9,Standard,West,0,26-35
383,18,106793.0,21.720650202910807,41,13,Standard,North,0,18-25
384,28,26826.0,63.372714245367014,8,19,Standard,South,1,26-35
385,25,52630.0,30.24225452045582,6,18,Basic,North,1,18-25
386,36,42177.0,35.32438315367292,37,12,Standard,West,0,36-45
387,39,69624.0,19.600880118123296,1,19,Premium,South,0,36-45
388,57,79281.0,19.460414633823603,11,15,Standard,North,0,56+
389,46,36901.0,12.016596269169016,16,14,Standard,West,0,46-55
390,28,24916.0,28.81738348704263,19,15,Standard,West,0,26-35
391,24,45706.0,19.451076843381124,31,15,Standard,North,0,18-25
392,40,25877.0,22.190174670034967,10,21,Premium,West,0,36-45
393,19,99378.0,49.24424140581507,22,25,Basic,East,0,18-25
394,56,38881.0,8.506599782258311,21,16,Basic,South,1,56+
395,49,30252.0,17.078468035505963,19,24,Standard,East,1,46-55
396,29,39828.0,32.75299415979275,24,18,Standard,North,0,26-35
397,18,20000.0,31.460175346989562,7,12,Standard,East,1,18-25
398,51,22341.0,55.913004317614565,2,16,Basic,North,0,46-55
399,33,66184.0,5.690746574113332,3,13,Standard,North,0,26-35
400,49,26148.0,52.158629713958206,6,16,Basic,West,0,46-55
401,18,21515.0,11.091117446247269,16,15,Standard,West,0,18-25
402,27,47492.0,22.652284530795473,44,14,Standard,North,1,26-35
403,35,65699.0,8.232379528839836,28,14,Standard,South,0,26-35
404,35,52024.0,2.0337621111797906,37,15,Basic,South,1,26-35
405,29,,51.50992247062112,10,15,Basic,South,0,26-35
406,42,24874.0,15.242958329970671,12,15,Premium,East,0,36-45
407,22,20000.0,40.15616903423039,12,16,Standard,North,0,18-25
408,33,76931.0,19.34741652155991,5,14,Standard,West,0,26-35
409,36,30904.0,56.76055160091945,1,17,Standard,East,0,36-45
410,41,32034.0,20.7457529958512,21,11,Basic,East,0,36-45
411,43,70551.0,24.303279275432917,108,12,Basic,West,0,36-45
412,21,47959.0,16.867962259904033,4,20,Basic,North,0,18-25
413,18,45612.0,11.978721348434991,1,8,Basic,East,0,18-25
414,50,107205.0,42.81637369757693,36,11,Standard,North,0,46-55
415,38,26324.0,28.05328520070296,6,19,Basic,North,0,36-45
416,26,57752.0,2.5530459181464824,42,14,Basic,North,0,26-35
417,53,37365.0,57.588389337989376,29,17,Standard,West,0,46-55
418,36,41535.0,24.667491342653282,69,18,Basic,North,1,36-45
419,49,77982.0,12.659141193795396,12,9,Premium,East,0,46-55
420,35,46813.0,7.690526282307506,26,14,Basic,West,0,26-35
421,59,47531.0,13.178659947560378,15,15,Standard,West,1,56+
422,56,62084.0,34.235225040309444,23,8,Standard,East,1,56+
423,32,30258.0,44.2287044438529,14,17,Standard,West,1,26-35
424,46,23870.0,22.902080143355764,5,23,Standard,East,0,46-55
425,42,21538.0,81.33424050014514,17,14,Standard,South,0,36-45
426,51,20000.0,20.792342426577648,18,13,Premium,East,0,46-55
427,23,101529.0,26.083444259376066,39,21,Standard,West,0,18-25
428,43,20918.0,10.952628416623476,31,10,Standard,East,1,36-45
429,47,32512.0,25.085125200039492,26,16,Basic,South,0,46-55
430,18,31621.0,46.152626905013165,2,22,Basic,North,0,18-25
431,20,42349.0,62.24521206393593,30,21,Standard,North,0,18-25
432,18,54604.0,39.84798933684013,16,18,Basic,North,0,18-25
433,31,55839.0,5.873432228468867,53,10,Standard,West,0,26-35
434,43,27131.0,9.968586243360074,60,14,Basic,South,0,36-45
435,53,33404.0,5.874538677015844,1,13,Standard,East,1,46-55
436,35,41826.0,14.049481279644285,41,9,Standard,East,1,26-35
437,54,32069.0,18.13561796987826,0,17,Standard,East,0,46-55
438,18,81119.0,12.077322769540528,10,17,Premium,East,0,18-25
439,18,46420.0,38.03905055871858,18,17,Basic,West,0,18-25
440,34,52440.0,11.550874706878702,3,21,Basic,West,0,26-35
441,39,50586.0,34.42408863859198,32,14,Standard,South,1,36-45
442,34,65299.0,42.40345061051238,0,13,Standard,East,0,26-35
443,18,39755.0,22.282399733200585,4,17,Basic,North,0,18-25
444,33,20000.0,49.661588793271974,20,13,Basic,West,0,26-35
445,19,44348.0,36.72419812866422,30,13,Standard,South,0,18-25
446,43,26221.0,17.66046090707247,59,11,Standard,South,0,36-45
447,39,27880.0,25.806347299908467,29,10,Standard,West,0,36-45
448,23,48687.0,18.9464696727799,26,15,Standard,North,0,18-25
449,28,67449.0,41.55398954279267,12,17,Premium,North,0,26-35
450,22,36703.0,37.36665773648109,0,6,Standard,East,0,18-25
451,34,42379.0,31.574326822413955,3,12,Basic,West,1,26-35
452,46,85059.0,8.399329541065491,18,12,Standard,North,0,46-55
453,23,40961.0,17.04002605691204,26,15,Basic,West,0,18-25
454,41,133364.0,14.77675605532415,12,14,Basic,South,0,36-45
455,28,48182.0,3.9946971742571042,31,13,Basic,South,0,26-35
456,25,20000.0,10.329415178606531,17,15,Standard,South,0,18-25
457,33,52927.0,10.515294927659564,1,8,Basic,West,1,26-35
458,22,43939.0,22.78664790943891,5,23,Premium,East,0,18-25
459,28,69208.0,40.368453719585894,43,9,Standard,East,0,26-35
460,20,50847.0,18.541250912330284,30,18,Standard,North,0,18-25
461,58,33886.0,23.563203212078125,54,19,Standard,West,0,56+
462,35,20000.0,23.568719520267642,3,11,Basic,East,0,26-35
463,26,32711.0,25.56894500410284,111,15,Basic,West,1,26-35
464,37,23735.0,27.731658935159587,5,9,Premium,East,0,36-45
465,33,27166.0,49.290385842461234,0,15,Standard,South,0,26-35
466,32,48741.0,22.461636012846697,143,15,Standard,South,0,26-35
467,42,83696.0,49.78941595164927,7,10,Standard,North,0,36-45
468,44,44237.0,27.08167713466874,26,18,Basic,South,0,36-45
469,28,20000.0,24.479665272925118,4,13,Standard,East,0,26-35
470,28,45356.0,70.69398340941842,20,13,Basic,North,0,26-35
471,31,66059.0,44.05181037535751,56,13,Premium,North,0,26-35
472,18,26771.0,4.283204593560013,9,13,Standard,South,0,18-25
473,18,33961.0,33.82887652701045,26,18,Standard,West,0,18-25
474,51,36583.0,10.93125928188253,4,20,Standard,South,0,46-55
475,54,24527.0,27.907797568739046,23,14,Standard,South,0,46-55
476,32,50218.0,12.319567633573483,9,23,Basic,North,0,26-35
477,41,34184.0,31.085490028701983,5,11,Basic,South,0,36-45
478,38,44791.0,58.07638662086987,9,19,Standard,East,0,36-45
479,71,23301.0,35.20188680892029,4,18,Standard,North,0,56+
480,48,29180.0,21.16244883009573,55,18,Premium,South,1,46-55
481,33,52114.0,19.060156650468272,12,11,Standard,West,0,26-35
482,23,,52.874061745044656,6,14,Standard,East,0,18-25
483,18,86118.0,34.41654266410305,14,15,Premium,West,0,18-25
484,37,29738.0,50.9483025220101,9,18,Basic,East,0,36-45
485,25,,38.88300984943921,32,20,Basic,West,0,18-25
486,18,,24.86223552396022,85,20,Basic,South,0,18-25
487,27,20000.0,32.585022418213924,13,13,Standard,East,0,26-35
488,22,20000.0,61.614908984754216,47,11,Basic,North,0,18-25
489,55,20000.0,26.37367830498125,20,17,Standard,North,0,46-55
490,45,68274.0,18.21869445534877,4,19,Standard,West,0,36-45
491,34,27558.0,17.189297051292403,28,11,Basic,West,0,26-35
492,52,130496.0,39.67058968120799,17,15,Standard,West,0,46-55
493,35,27388.0,20.24517443898647,25,16,Premium,East,0,26-35
494,24,39826.0,22.863765281597825,52,11,Basic,North,0,18-25
495,53,78515.0,46.349070456281474,13,20,Basic,South,0,46-55
496,41,99016.0,10.118673151915425,55,12,Basic,East,0,36-45
497,22,101798.0,27.99184058289093,33,14,Standard,West,0,18-25
498,32,66448.0,49.14679824608622,16,12,Standard,North,0,26-35
499,24,60598.0,31.599410767455666,22,13,Basic,West,1,18-25
500,18,,28.171942212286076,9,13,Premium,South,0,18-25
501,46,53593.0,37.74191190742991,98,12,Standard,South,0,46-55
502,57,,32.31700330669986,26,18,Standard,North,0,56+
503,18,24122.0,24.53787438648542,1,14,Standard,East,0,18-25
504,41,36254.0,5.079942872190077,9,12,Standard,South,0,36-45
505,27,33353.0,38.93073782684028,23,13,Premium,South,0,26-35
506,29,28951.0,9.094489894008023,1,14,Standard,South,0,26-35
507,27,51441.0,40.66073344417187,0,15,Standard,South,1,26-35
508,24,58550.0,4.913317291823273,14,15,Premium,West,0,18-25
509,35,37956.0,13.406080555620095,9,17,Standard,West,0,26-35
510,25,76021.0,31.13574232014944,13,9,Basic,East,0,18-25
511,38,20520.0,23.475450753864354,7,8,Standard,North,1,36-45
512,34,32963.0,20.6551447443036,4,12,Standard,North,1,26-35
513,32,25376.0,68.1655268261712,28,15,Basic,North,0,26-35
514,24,20000.0,41.25868136483029,17,16,Standard,South,0,18-25
515,28,34844.0,5.312104295972006,5,14,Standard,West,0,26-35
516,44,34170.0,49.06190425090824,9,18,Standard,West,0,36-45
517,41,77398.0,45.47962996448925,21,20,Basic,East,0,36-45
518,23,49781.0,36.08149425945933,1,11,Basic,North,0,18-25
519,36,21761.0,18.806662822322227,3,12,Basic,West,1,36-45
520,44,91770.0,39.6148132078496,1,12,Basic,East,0,36-45
521,18,66870.0,28.41761625924747,40,12,Standard,North,0,18-25
522,41,48583.0,43.65609916533659,33,18,Premium,South,0,36-45
523,27,32427.0,14.190926688076596,33,9,Standard,West,0,26-35
524,41,22477.0,17.51299161196779,30,14,Premium,West,0,36-45
525,25,30148.0,10.939522362794184,26,18,Basic,North,0,18-25
526,18,62590.0,15.094659543979539,15,13,Standard,South,0,18-25
527,18,93180.0,19.977115884535763,24,16,Premium,South,0,18-25
528,35,,32.373719499724906,0,12,Basic,West,0,26-35
529,38,28440.0,15.229284112134703,23,20,Standard,North,0,36-45
530,24,20747.0,27.150653100697674,36,13,Standard,East,0,18-25
531,42,38965.0,48.50993016333455,16,15,Standard,West,0,36-45
532,18,20000.0,35.969416552293865,10,21,Standard,South,0,18-25
533,34,42684.0,19.66801624272618,7,13,Standard,East,0,26-35
534,20,33731.0,1.5531497830961463,24,20,Premium,North,0,18-25
535,27,28766.0,27.998015932124037,28,9,Standard,South,0,26-35
536,35,20000.0,18.606212320601692,49,12,Basic,East,1,26-35
537,24,46948.0,11.690970530073953,10,16,Basic,West,1,18-25
538,30,27823.0,28.672806899006137,35,11,Standard,South,0,26-35
539,47,20232.0,45.24646695830735,19,13,Standard,North,1,46-55
540,28,20000.0,17.17814712890066,51,6,Basic,South,1,26-35
541,45,35819.0,41.98229253993504,18,11,Basic,West,1,36-45
542,21,88091.0,23.346542109232406,17,15,Standard,North,0,18-25
543,41,83335.0,34.30824449809528,20,11,Standard,West,0,36-45
544,52,28895.0,47.99059691988199,33,18,Basic,East,0,46-55
545,18,26873.0,1.593379144979128,80,22,Standard,South,0,18-25
546,25,45907.0,35.24481238715656,1,15,Premium,West,0,18-25
547,41,22044.0,65.77252418827445,1,16,Standard,East,0,36-45
548,32,42230.0,53.79363637806488,66,10,Premium,North,0,26-35
549,39,53265.0,12.275555219550162,18,15,Standard,North,0,36-45
550,27,67068.0,31.62967511292953,22,17,Standard,East,0,26-35
551,36,34541.0,71.82985797189214,15,11,Basic,East,0,36-45
552,33,,20.963749394928882,2,18,Standard,North,1,26-35
553,49,23412.0,47.98413981078802,35,14,Standard,West,0,46-55
554,38,24018.0,30.09635475833738,33,17,Standard,East,0,36-45
555,39,32427.0,21.998463055148424,8,14,Basic,West,0,36-45
556,30,43637.0,47.77410693154099,8,23,Premium,North,0,26-35
557,29,57342.0,47.713328419013415,43,22,Standard,West,0,26-35
558,29,24304.0,13.018424985566323,1,20,Premium,West,1,26-35
559,39,76599.0,53.03993887030928,51,14,Basic,East,0,36-45
560,29,31711.0,0.5368084450143832,7,18,Standard,West,0,26-35
561,38,,21.42283776069361,21,16,Standard,West,0,36-45
562,59,24994.0,29.078800334020393,65,13,Standard,West,0,56+
563,45,20000.0,21.064687555536693,27,15,Basic,North,0,36-45
564,31,56501.0,27.983118949271763,12,9,Standard,North,0,26-35
565,49,52492.0,18.351478160566113,28,24,Basic,South,0,46-55
566,30,31550.0,26.322314115715507,10,23,Basic,North,0,26-35
567,18,37552.0,42.006642843461336,7,17,Basic,North,0,18-25
568,22,47003.0,27.754244114871156,137,19,Standard,South,0,18-25
569,18,20000.0,62.362654781754465,33,15,Basic,South,1,18-25
570,30,27874.0,27.467473260098828,24,16,Premium,East,0,26-35
571,35,54021.0,23.11756205169041,10,8,Standard,East,1,26-35
572,55,20000.0,75.01009462025127,1,15,Basic,North,0,46-55
573,38,42056.0,48.77031402753354,0,13,Standard,West,0,36-45
574,32,20000.0,38.579893959303426,19,21,Standard,East,0,26-35
575,44,45853.0,6.7547454294140845,34,19,Standard,East,0,36-45
576,18,35674.0,57.95435339820294,18,9,Standard,North,0,18-25
577,37,20000.0,42.20781732681007,44,13,Standard,West,0,36-45
578,44,65014.0,10.76063974617847,0,18,Basic,South,0,36-45
579,18,25152.0,37.370102227142176,10,11,Basic,South,0,18-25
580,48,24218.0,13.742430887514978,6,15,Standard,North,0,46-55
581,39,40146.0,53.27875402080797,14,19,Standard,North,1,36-45
582,30,64493.0,55.024374657514905,1,14,Basic,West,0,26-35
583,42,21852.0,45.27973205672552,73,19,Standard,North,0,36-45
584,62,37452.0,18.582648585372024,6,10,Premium,North,0,56+
585,37,44999.0,43.911412045465,61,14,Premium,North,0,36-45
586,37,51356.0,8.755286918647077,13,13,Standard,West,0,36-45
587,29,39664.0,30.255530983062435,101,13,Premium,North,0,26-35
588,24,30226.0,22.692574261383392,19,14,Premium,East,0,18-25
589,44,24009.0,22.079468487527212,64,18,Standard,West,0,36-45
590,24,37913.0,9.32182061227306,0,18,Standard,East,0,18-25
591,35,21246.0,29.187932762260267,33,15,Standard,West,1,26-35
592,29,20000.0,12.935005514766454,56,18,Basic,East,0,26-35
593,40,45174.0,19.306595004172767,3,12,Basic,West,0,36-45
594,39,57066.0,38.41686148129105,2,20,Standard,South,0,36-45
595,47,20000.0,29.001827036887377,13,11,Standard,North,1,46-55
596,28,21919.0,19.685360478657664,65,8,Basic,North,0,26-35
597,31,49492.0,13.166709988392618,18,18,Premium,West,0,26-35
598,23,101594.0,34.57640572822914,17,13,Basic,East,0,18-25
599,29,36695.0,35.98740706896604,3,20,Premium,South,0,26-35
600,39,25235.0,16.974687545557586,0,14,Basic,East,0,36-45
601,44,33141.0,20.723311870103757,39,17,Standard,North,1,36-45
602,23,72217.0,29.790504425066516,2,17,Standard,North,0,18-25
603,45,,12.899233875418872,24,15,Basic,East,0,36-45
604,51,24352.0,32.571217027475754,59,10,Standard,West,0,46-55
605,39,28527.0,11.183973069886616,5,17,Standard,West,0,36-45
606,57,22546.0,14.440003664758457,26,15,Standard,East,0,56+
607,25,38612.0,0.7274704741306595,1,11,Basic,North,1,18-25
608,20,81825.0,13.863910240454775,22,10,Premium,East,0,18-25
609,18,42682.0,4.68492653975621,4,11,Premium,North,1,18-25
610,52,32010.0,20.079260746707877,31,11,Standard,East,1,46-55
611,42,31385.0,17.154965153338303,8,19,Premium,West,0,36-45
612,34,20000.0,5.177184339479075,14,12,Standard,South,0,26-35
613,38,56475.0,27.03666863748114,21,18,Standard,North,0,36-45
614,21,34929.0,52.79243840181365,4,11,Standard,South,0,18-25
615,64,33181.0,66.78969467219103,32,19,Premium,West,0,56+
616,36,179253.0,6.144969359913295,8,17,Standard,East,0,36-45
617,36,42166.0,30.905677825642492,26,10,Premium,West,0,36-45
618,43,24936.0,35.27065663574891,4,8,Premium,South,1,36-45
619,40,29343.0,40.359326057619235,27,13,Premium,West,1,36-45
620,37,64487.0,21.44326153952466,3,19,Basic,West,0,36-45
621,25,38431.0,34.0843697943177,13,14,Premium,East,0,18-25
622,40,20000.0,41.23610876195106,6,12,Basic,South,0,36-45
623,57,57504.0,57.243595434330395,33,14,Premium,South,0,56+
624,51,26001.0,29.297887359138556,7,20,Premium,South,0,46-55
625,54,92655.0,3.9280163131484267,51,16,Standard,North,0,46-55
626,28,62319.0,22.325775316575854,53,18,Standard,West,0,26-35
627,23,,33.99068359357703,5,11,Basic,South,0,18-25
628,33,68906.0,18.36811871877602,22,19,Basic,West,0,26-35
629,35,37568.0,38.85662769655531,2,11,Basic,East,0,26-35
630,48,55624.0,8.462733526759525,11,14,Standard,East,0,46-55
631,18,46275.0,64.34052833138456,29,16,Standard,North,1,18-25
632,53,23785.0,17.97050604970441,25,20,Standard,North,0,46-55
633,33,26323.0,9.904549474311224,23,11,Basic,East,0,26-35
634,29,60777.0,13.20147770620504,7,15,Standard,South,0,26-35
635,22,30718.0,48.65241768823065,11,12,Standard,East,0,18-25
636,18,29678.0,14.214708714319613,2,14,Standard,West,0,18-25
637,44,22526.0,32.032258218771446,30,18,Premium,North,0,36-45
638,35,,58.34896095027,16,11,Basic,North,1,26-35
639,19,101850.0,12.776866366844377,29,10,Standard,East,0,18-25
640,19,21295.0,51.11639862554722,6,18,Standard,South,0,18-25
641,30,,40.87543521031225,9,16,Premium,South,0,26-35
642,55,73578.0,4.062935717394039,9,17,Basic,West,0,46-55
643,31,34897.0,43.84009709406226,0,17,Premium,North,0,26-35
644,18,45532.0,44.35268238961161,10,17,Basic,East,0,18-25
645,32,21349.0,3.593019546574922,39,13,Premium,East,0,26-35
646,31,44988.0,25.996915860043185,54,22,Basic,North,0,26-35
647,18,33071.0,28.84957018176471,17,9,Basic,East,0,18-25
648,34,59448.0,20.906870283677964,14,18,Premium,North,0,26-35
649,32,65755.0,18.510293303371547,0,12,Standard,South,0,26-35
650,43,,7.187748488844417,50,23,Standard,South,1,36-45
651,57,48524.0,34.77245645641516,0,11,Premium,East,0,56+
652,48,42740.0,0.9063576455491072,69,11,Basic,South,0,46-55
653,31,40022.0,27.07572855994038,16,13,Standard,South,0,26-35
654,21,30437.0,20.617001108208978,10,14,Standard,West,1,18-25
655,65,,23.538928965900958,61,15,Premium,North,0,56+
656,35,31328.0,37.02785956345083,0,16,Standard,North,0,26-35
657,35,39506.0,20.744051778707885,20,14,Basic,East,0,26-35
658,34,70178.0,33.200075489313626,19,23,Standard,North,0,26-35
659,37,21954.0,24.355644163812606,5,18,Basic,West,0,36-45
660,33,64211.0,18.29287440841704,13,11,Basic,East,1,26-35
661,28,70161.0,26.544838867192215,25,15,Premium,East,1,26-35
662,28,34233.0,37.129727106454716,31,12,Premium,North,0,26-35
663,34,20000.0,33.93430997282357,0,17,Basic,South,0,26-35
664,28,26798.0,1.6108664847518075,66,22,Standard,South,0,26-35
665,26,69459.0,37.00401819965376,4,11,Premium,South,0,26-35
666,36,35902.0,30.933052178873133,6,17,Standard,South,1,36-45
667,31,,3.437692998017594,7,15,Standard,West,0,26-35
668,53,,40.80696401915166,0,19,Basic,East,0,46-55
669,18,55287.0,28.691050458305867,3,17,Premium,South,0,18-25
670,48,47732.0,62.73568756267822,103,14,Premium,West,1,46-55
671,49,32226.0,13.000318586576288,9,13,Basic,East,0,46-55
672,18,30229.0,36.834962922318134,2,18,Basic,North,0,18-25
673,30,29855.0,20.681781732201703,2,11,Standard,North,0,26-35
674,30,22897.0,50.17603426553671,30,19,Basic,West,0,26-35
675,18,81445.0,25.704534872496765,46,15,Standard,East,1,18-25
676,25,30910.0,60.41340990775811,7,17,Basic,South,0,18-25
677,21,66741.0,7.846811578243269,0,21,Standard,East,0,18-25
678,56,77703.0,29.559458383927883,6,12,Standard,South,0,56+
679,46,,36.84777016469394,1,17,Basic,West,0,46-55
680,50,29266.0,39.310715634519816,2,14,Standard,South,0,46-55
681,43,,52.9186384271065,13,13,Basic,West,0,36-45
682,21,35878.0,30.996582592299422,6,15,Standard,East,0,18-25
683,28,,5.67761306426929,17,27,Basic,East,0,26-35
684,40,42709.0,15.550031250253408,7,16,Basic,South,0,36-45
685,20,20140.0,9.499418317274607,67,15,Standard,East,1,18-25
686,43,65764.0,65.94625321905625,56,16,Basic,South,0,36-45
687,32,28787.0,23.492957049674605,20,19,Standard,East,0,26-35
688,30,40158.0,20.24783509487901,10,11,Basic,North,1,26-35
689,43,41841.0,34.11985011846299,11,15,Standard,South,0,36-45
690,40,31905.0,37.129308732506935,12,11,Basic,West,0,36-45
691,30,48695.0,25.79043518687058,31,9,Standard,North,0,26-35
692,48,28639.0,32.84364233508818,14,13,Standard,West,0,46-55
693,22,56142.0,41.97319573933808,46,16,Premium,East,0,18-25
694,42,20000.0,13.084133584036515,69,16,Standard,North,0,36-45
695,42,38684.0,32.7505748501498,9,22,Basic,East,1,36-45
696,31,95746.0,30.90666018759184,19,19,Standard,South,0,26-35
697,38,22022.0,44.32956418443806,2,12,Standard,West,0,36-45
698,19,25877.0,45.19539718395333,5,18,Standard,East,0,18-25
699,46,46955.0,17.662501625710235,12,9,Standard,West,0,46-55
700,32,39727.0,6.628959192412618,5,17,Premium,West,0,26-35
701,28,43274.0,26.60565893616861,50,5,Basic,East,0,26-35
702,47,46378.0,35.0135842218205,4,13,Basic,South,1,46-55
703,26,49879.0,51.60959312188699,14,14,Standard,West,0,26-35
704,18,63249.0,10.97055673936324,22,21,Premium,East,0,18-25
705,18,44574.0,6.26399162903837,28,16,Premium,South,0,18-25
706,42,,13.255741096760387,11,23,Standard,East,0,36-45
707,19,50832.0,5.832776626883096,48,11,Standard,South,1,18-25
708,56,93895.0,32.54025124454355,20,14,Basic,West,0,56+
709,18,33985.0,28.860452011995314,13,20,Standard,North,0,18-25
710,55,22308.0,35.31826886204156,1,16,Basic,East,0,46-55
711,37,63167.0,13.398942398866827,14,9,Standard,West,1,36-45
712,33,34194.0,40.67854267970843,41,9,Standard,East,1,26-35
713,28,20000.0,15.62944545151576,22,9,Standard,East,0,26-35
714,39,55476.0,29.695838258246564,42,7,Premium,South,1,36-45
715,34,27787.0,64.34014985611502,16,17,Standard,East,0,26-35
716,48,34708.0,14.212150321881287,3,12,Basic,South,0,46-55
717,36,42872.0,16.69973574379022,0,12,Standard,West,1,36-45
718,36,39944.0,12.969655149386995,8,14,Basic,East,1,36-45
719,30,51778.0,17.828727154962127,28,17,Standard,West,0,26-35
720,34,29209.0,17.07652951825317,37,12,Premium,North,0,26-35
721,38,46936.0,18.526477559652793,8,13,Standard,West,1,36-45
722,18,31895.0,21.89311178868814,16,18,Standard,East,0,18-25
723,18,52543.0,33.82750971926416,13,12,Standard,North,1,18-25
724,43,49398.0,46.04493989406266,12,16,Premium,South,0,36-45
725,37,22749.0,30.110227435041075,6,16,Standard,North,1,36-45
726,32,62504.0,24.097964885512326,3,16,Premium,East,1,26-35
727,35,,4.185941154216503,5,10,Premium,East,0,26-35
728,39,54395.0,64.9237693775418,1,7,Standard,West,1,36-45
729,28,,28.107209061793668,5,11,Standard,South,0,26-35
730,25,91043.0,29.134280698889402,0,17,Basic,East,0,18-25
731,37,32476.0,54.629261179066624,23,16,Standard,East,0,36-45
732,23,30495.0,18.96896141594288,9,16,Basic,South,0,18-25
733,39,35964.0,24.859690389605777,86,12,Standard,South,0,36-45
734,18,31207.0,43.922108988887906,5,19,Basic,West,1,18-25
735,47,54174.0,46.36069255533359,10,13,Standard,North,0,46-55
736,40,20000.0,26.725772699452076,10,19,Basic,South,0,36-45
737,38,21443.0,28.19303733536357,0,23,Standard,East,1,36-45
738,46,21292.0,56.927302280789945,43,11,Basic,South,0,46-55
739,54,58404.0,22.367008867922618,0,13,Standard,East,0,46-55
740,47,85417.0,23.061271313703678,67,16,Premium,West,0,46-55
741,18,34467.0,35.31544202561912,53,20,Standard,North,0,18-25
742,19,33375.0,23.214236376262246,18,17,Premium,West,0,18-25
743,27,37610.0,23.84389992838884,18,13,Standard,South,1,26-35
744,35,64921.0,36.52633211887469,25,12,Premium,East,0,26-35
745,41,,41.33211757037022,11,12,Standard,South,1,36-45
746,26,40912.0,14.127774994692722,25,21,Basic,South,0,26-35
747,37,59136.0,27.89410612672031,1,17,Standard,South,0,36-45
748,25,46655.0,47.70180100982217,1,21,Basic,South,0,18-25
749,27,39926.0,36.1797462056256,14,13,Standard,North,0,26-35
750,18,59905.0,29.619797335564773,19,12,Standard,East,0,18-25
751,23,20000.0,34.62252555015791,52,10,Basic,South,0,18-25
752,18,50967.0,10.846004019288348,2,16,Basic,East,0,18-25
753,23,26185.0,22.69082815991946,41,16,Basic,North,0,18-25
754,47,20000.0,15.051581206901055,5,14,Standard,East,0,46-55
755,23,46891.0,29.450633404439085,12,14,Standard,East,0,18-25
756,66,72173.0,53.62160322633829,9,15,Standard,North,0,56+
757,40,33903.0,13.751560636675203,12,18,Standard,South,0,36-45
758,37,58479.0,26.431929318681085,3,13,Standard,East,0,36-45
759,24,81319.0,16.674076091080735,16,12,Basic,West,0,18-25
760,43,70084.0,12.875606452853884,38,17,Basic,East,0,36-45
761,28,82452.0,32.68563949085386,13,18,Standard,South,0,26-35
762,36,52631.0,11.576307637312196,16,19,Premium,West,1,36-45
763,65,37711.0,33.84170503055753,45,12,Basic,South,0,56+
764,33,,35.98383820137326,29,14,Premium,East,0,26-35
765,48,32111.0,17.37830270834502,16,16,Standard,North,1,46-55
766,26,23822.0,27.830288167377248,7,15,Premium,South,0,26-35
767,34,107524.0,67.41949637316158,51,16,Standard,South,0,26-35
768,56,33258.0,3.635215677195359,20,14,Basic,North,0,56+
769,27,38622.0,22.449436638611182,5,12,Premium,East,0,26-35
770,56,47845.0,59.83467250653779,7,10,Standard,South,1,56+
771,43,37115.0,34.66360764254814,39,14,Standard,East,1,36-45
772,28,84755.0,40.31675737816287,1,18,Basic,East,0,26-35
773,42,26600.0,52.804995515156484,116,13,Basic,East,1,36-45
774,46,40026.0,45.99431294093182,3,11,Standard,North,0,46-55
775,42,25053.0,33.546094783888,38,15,Premium,East,0,36-45
776,18,20000.0,39.011958551637285,12,11,Standard,East,1,18-25
777,26,26745.0,14.652283416598802,16,15,Standard,West,0,26-35
778,32,35649.0,23.358324898373144,51,11,Standard,West,0,26-35
779,34,29300.0,53.55852061194166,12,16,Premium,West,0,26-35
780,42,25688.0,54.58906890817872,18,18,Premium,South,0,36-45
781,37,20000.0,29.324689662939274,1,12,Standard,South,0,36-45
782,18,34837.0,26.06005376897788,0,18,Standard,West,0,18-25
783,39,20000.0,14.618807443405762,6,19,Basic,North,0,36-45
784,42,53105.0,38.35829196286626,27,20,Premium,North,0,36-45
785,41,37843.0,3.7206287908734446,3,12,Standard,West,1,36-45
786,47,20000.0,15.265935678690301,2,14,Basic,South,1,46-55
787,45,31113.0,32.90940172659268,12,17,Standard,South,0,36-45
788,40,24932.0,30.34090510352169,25,16,Basic,North,1,36-45
789,34,42599.0,26.624277531706813,29,15,Premium,East,0,26-35
790,18,70985.0,23.935286409338104,4,14,Standard,North,0,18-25
791,40,20000.0,6.726024683917943,1,18,Basic,East,0,36-45
792,37,38465.0,54.2114890098092,67,15,Standard,South,0,36-45
793,38,33521.0,16.6930655302071,7,14,Basic,South,0,36-45
794,19,50800.0,31.25025751898585,46,12,Standard,West,0,18-25
795,22,40400.0,57.54859263203815,47,14,Standard,South,0,18-25
796,47,24934.0,42.5088965795164,35,12,Standard,East,0,46-55
797,34,30960.0,60.34669008975111,4,19,Standard,North,1,26-35
798,43,24391.0,16.44219334624456,41,16,Premium,West,0,36-45
799,35,62193.0,20.86997984846618,35,14,Standard,East,1,26-35
800,35,36704.0,48.07181886073227,21,10,Standard,North,1,26-35
801,46,93957.0,25.076845023001688,9,13,Standard,North,0,46-55
802,28,35230.0,13.701348082005577,7,14,Basic,North,0,26-35
803,36,25483.0,62.45064211462499,3,10,Standard,South,0,36-45
804,29,20000.0,19.181205542314082,17,12,Basic,North,1,26-35
805,29,20000.0,29.920832157165638,21,14,Standard,South,0,26-35
806,31,20000.0,26.848915928564885,10,18,Standard,North,0,26-35
807,37,41504.0,31.44923311622377,15,15,Basic,North,0,36-45
808,29,46833.0,16.63592123039952,10,13,Standard,South,0,26-35
809,50,20000.0,3.5179780799361646,24,15,Standard,South,1,46-55
810,24,56812.0,34.58810311827689,55,20,Premium,East,0,18-25
811,32,28523.0,34.84719423435887,4,10,Standard,North,1,26-35
812,29,39081.0,8.214105244379034,11,13,Standard,South,0,26-35
813,52,81316.0,21.57152675400865,3,21,Basic,East,0,46-55
814,37,56864.0,8.269297157896618,23,22,Standard,East,1,36-45
815,47,31752.0,41.67176195864318,31,18,Basic,South,0,46-55
816,18,23257.0,8.79826518620379,64,12,Standard,North,1,18-25
817,38,20000.0,35.30655050389947,7,11,Standard,East,0,36-45
818,45,25347.0,38.241656334813186,71,13,Standard,North,0,36-45
819,35,32677.0,25.37913909739236,1,11,Basic,North,0,26-35
820,47,22168.0,60.667846003109624,22,11,Basic,East,1,46-55
821,28,34008.0,1.929377387301047,1,13,Premium,South,1,26-35
822,51,37738.0,41.87109793560707,53,19,Standard,North,0,46-55
823,62,32453.0,34.03779918999732,18,13,Standard,West,0,56+
824,30,26238.0,48.48744923943458,26,9,Premium,South,0,26-35
825,29,39510.0,61.46509543014494,42,12,Standard,East,0,26-35
826,52,,28.244542696617415,3,15,Basic,West,0,46-55
827,53,21053.0,23.873026417379776,0,19,Standard,North,0,46-55
828,28,73531.0,53.669352878427276,50,12,Basic,South,1,26-35
829,29,34568.0,16.882476789617254,9,13,Standard,West,0,26-35
830,31,36659.0,42.19363657076152,3,15,Standard,South,1,26-35
831,18,51746.0,32.64952020942179,15,16,Premium,North,0,18-25
832,23,40806.0,56.654981077198116,21,13,Basic,South,0,18-25
833,22,58487.0,7.146472311698869,0,12,Basic,West,1,18-25
834,25,41921.0,6.151737848121612,7,11,Standard,South,0,18-25
835,34,26736.0,20.76698374564722,0,13,Premium,East,1,26-35
836,37,43510.0,27.820649078075316,13,26,Standard,East,1,36-45
837,53,20499.0,38.76273011228859,54,12,Premium,West,0,46-55
838,23,38341.0,13.732166561977882,97,14,Standard,South,0,18-25
839,46,35717.0,4.255493968319861,24,15,Basic,West,0,46-55
840,32,32726.0,70.27228461514909,4,17,Premium,South,0,26-35
841,34,34054.0,20.317663544645967,56,14,Basic,North,0,26-35
842,43,20000.0,46.3688621891993,17,14,Standard,East,0,36-45
843,21,27601.0,12.020468764069953,4,9,Standard,North,0,18-25
844,39,38041.0,22.82859972837797,61,15,Basic,South,0,36-45
845,36,39337.0,8.954028761679938,33,19,Premium,North,0,36-45
846,40,21723.0,64.89173234820785,31,14,Basic,West,0,36-45
847,38,68381.0,18.626639539481832,29,19,Premium,West,0,36-45
848,64,23550.0,6.984079086096595,5,9,Standard,South,0,56+
849,27,58966.0,54.52485679678548,5,9,Basic,East,0,26-35
850,28,44963.0,20.76662094351378,27,10,Basic,West,0,26-35
851,27,26288.0,58.466352523302845,5,17,Standard,East,0,26-35
852,28,88225.0,34.274645549898516,13,13,Standard,South,0,26-35
853,27,20000.0,28.745988068587558,36,19,Basic,East,1,26-35
854,49,57502.0,42.033422198834245,36,12,Basic,South,0,46-55
855,52,59891.0,15.739539363225663,14,15,Premium,North,0,46-55
856,28,25969.0,19.476272087640538,37,11,Basic,South,1,26-35
857,25,72855.0,30.06972383626088,43,11,Standard,North,1,18-25
858,40,32047.0,41.727790375865325,25,12,Standard,South,0,36-45
859,28,41954.0,27.909865689419444,6,12,Standard,West,0,26-35
860,42,41363.0,4.437767225674529,7,20,Standard,West,0,36-45
861,37,33956.0,30.86928661865369,9,16,Basic,East,0,36-45
862,18,54469.0,21.988137682584608,2,17,Standard,South,1,18-25
863,53,54000.0,27.79642391875149,7,19,Basic,South,0,46-55
864,56,20000.0,24.802811702810665,5,14,Premium,South,1,56+
865,27,69714.0,24.39313657508924,14,20,Basic,East,0,26-35
866,30,20000.0,28.669068665997795,57,16,Basic,West,1,26-35
867,38,60856.0,45.677590314148766,2,14,Standard,South,0,36-45
868,39,63790.0,11.57562816214143,30,22,Standard,East,0,36-45
869,42,21047.0,21.332273652689306,27,15,Standard,South,0,36-45
870,59,29572.0,10.900919371050446,2,17,Basic,North,0,56+
871,32,20892.0,20.70014398483526,61,19,Basic,South,0,26-35
872,25,32615.0,27.856890114410344,20,13,Premium,North,1,18-25
873,18,31131.0,11.69248202694525,10,20,Basic,East,0,18-25
874,26,53628.0,31.549142985616623,33,14,Standard,East,0,26-35
875,34,69923.0,31.622120446438366,7,13,Standard,West,0,26-35
876,56,72972.0,13.422725697303834,28,16,Basic,South,0,56+
877,28,27416.0,22.304193248192526,0,21,Standard,East,1,26-35
878,37,32708.0,4.38557121826687,43,15,Basic,West,0,36-45
879,34,,13.662661344028932,14,15,Standard,South,0,26-35
880,49,24271.0,19.35168773138802,24,18,Premium,East,0,46-55
881,65,58831.0,17.53686069103065,6,17,Standard,North,0,56+
882,28,81453.0,5.910023636451087,27,11,Premium,East,1,26-35
883,29,20000.0,10.248072450369504,35,15,Basic,North,0,26-35
884,47,27004.0,22.2156038083459,15,15,Standard,West,0,46-55
885,43,35839.0,50.00285008772033,23,18,Standard,West,1,36-45
886,57,,40.091269066913185,14,17,Premium,South,0,56+
887,42,24226.0,27.14066205793128,53,15,Standard,South,0,36-45
888,30,44892.0,36.171810344678384,16,12,Basic,South,1,26-35
889,42,28654.0,52.527063239412506,44,10,Premium,West,0,36-45
890,48,36054.0,9.372930398294125,38,16,Standard,North,1,46-55
891,44,47721.0,54.165928731039244,12,19,Basic,South,0,36-45
892,41,36432.0,37.59627633583411,6,19,Standard,South,1,36-45
893,47,29196.0,45.74049041565562,12,8,Basic,West,1,46-55
894,49,34378.0,10.113053816123035,41,16,Premium,North,0,46-55
895,51,34745.0,19.827537557687062,6,14,Standard,East,0,46-55
896,42,30181.0,44.17852325659172,17,13,Basic,South,0,36-45
897,32,31907.0,25.460602075477478,39,19,Basic,East,0,26-35
898,36,80766.0,23.121024686283924,10,19,Standard,East,0,36-45
899,49,48072.0,52.68198911496275,24,19,Standard,South,0,46-55
900,25,31327.0,23.33083074794687,6,15,Standard,West,0,18-25
901,39,51455.0,31.115695134245584,2,13,Premium,South,1,36-45
902,30,30732.0,52.4666091044456,37,15,Basic,North,0,26-35
903,35,65287.0,55.974819632807204,2,13,Standard,North,0,26-35
904,50,43687.0,13.000533513897375,7,27,Standard,South,0,46-55
905,37,34418.0,22.66906582078569,46,18,Basic,East,0,36-45
906,35,45426.0,39.42268652361112,10,17,Standard,North,0,26-35
907,18,20000.0,59.65756479476296,86,14,Standard,North,0,18-25
908,43,20673.0,13.26139166973097,93,13,Basic,South,1,36-45
909,42,20000.0,40.25938354059749,7,15,Basic,South,1,36-45
910,60,39006.0,23.855608755377553,1,21,Standard,West,0,56+
911,31,86358.0,52.07941326840836,29,13,Premium,South,0,26-35
912,37,110818.0,14.495928591700535,14,13,Standard,South,0,36-45
913,37,49962.0,53.00851166238832,2,15,Standard,North,0,36-45
914,53,46649.0,39.11389771858987,29,10,Standard,North,0,46-55
915,33,20000.0,21.296874618134353,0,14,Basic,North,0,26-35
916,38,27685.0,6.8857481905423406,49,13,Basic,East,0,36-45
917,42,24492.0,34.95093655024614,3,17,Basic,North,0,36-45
918,37,26624.0,25.38970213381382,3,12,Standard,North,0,36-45
919,29,33387.0,4.99665015511726,4,20,Basic,South,0,26-35
920,37,28679.0,53.90471040258038,77,23,Standard,West,0,36-45
921,47,20000.0,21.800874720101785,28,13,Premium,North,1,46-55
922,22,52783.0,51.18208698936792,38,10,Premium,West,1,18-25
923,36,21239.0,36.383550059999706,12,11,Standard,North,0,36-45
924,26,40930.0,54.45112071782319,9,16,Basic,North,0,26-35
925,49,102440.0,2.1424560859513435,6,4,Standard,West,0,46-55
926,18,22932.0,30.393615862501594,15,13,Standard,South,0,18-25
927,28,20000.0,65.20465348706162,19,14,Basic,North,0,26-35
928,39,31476.0,14.106139002088291,23,15,Premium,West,0,36-45
929,53,62974.0,29.87765014304245,7,12,Basic,North,0,46-55
930,34,96681.0,9.442851918802523,71,16,Standard,East,0,26-35
931,28,20000.0,63.59035595895273,4,14,Premium,East,0,26-35
932,57,46553.0,21.821606088093294,80,15,Basic,East,1,56+
933,18,,31.5482416206224,0,15,Premium,East,0,18-25
934,18,34441.0,26.070792612118883,15,17,Standard,South,0,18-25
935,40,136239.0,42.24273898295277,9,14,Standard,East,0,36-45
936,28,20000.0,17.082926524558278,14,18,Premium,West,0,26-35
937,22,41227.0,25.65863199801682,20,7,Premium,North,0,18-25
938,43,45882.0,26.515744336502017,13,14,Premium,West,0,36-45
939,37,62498.0,6.069065270309633,12,9,Premium,East,0,36-45
940,28,38138.0,3.981419539660806,31,15,Basic,South,0,26-35
941,19,42362.0,33.542493553849475,27,16,Standard,East,0,18-25
942,45,29857.0,4.610898882254193,42,14,Standard,East,0,36-45
943,42,41546.0,22.876947246039812,6,20,Standard,South,0,36-45
944,33,30589.0,12.774179627077409,22,10,Basic,South,0,26-35
945,57,49552.0,28.801554640281367,21,14,Basic,South,0,56+
946,22,30187.0,41.48286839675103,11,16,Basic,South,0,18-25
947,18,43850.0,41.251932053222404,15,15,Basic,South,0,18-25
948,26,35788.0,32.3821357478851,9,20,Standard,South,0,26-35
949,34,63769.0,31.353705931765425,3,27,Standard,North,1,26-35
950,37,35394.0,44.00307639755862,5,24,Standard,East,1,36-45
951,32,20000.0,32.12658186958191,2,12,Standard,East,0,26-35
952,39,68251.0,18.06338066103015,27,17,Standard,South,1,36-45
953,19,23089.0,4.570184569445863,25,14,Standard,West,0,18-25
954,52,26189.0,48.56923468537113,72,16,Basic,South,1,46-55
955,34,26961.0,65.18362739185918,31,20,Basic,North,0,26-35
956,48,,19.314955151795594,1,13,Standard,West,0,46-55
957,39,20000.0,20.605113739292037,51,21,Basic,North,0,36-45
958,40,174359.0,4.119536324293344,47,19,Standard,West,0,36-45
959,41,,20.56788360416841,14,16,Premium,West,0,36-45
960,40,40603.0,25.109787232048454,21,13,Standard,South,1,36-45
961,42,35332.0,13.708514515114265,89,10,Standard,North,0,36-45
962,50,41888.0,13.027400524247831,18,16,Premium,West,0,46-55
963,37,47125.0,27.226555093312328,56,12,Basic,North,0,36-45
964,43,,24.61114000692543,2,17,Standard,South,0,36-45
965,33,47944.0,14.120210922988848,5,16,Standard,South,0,26-35
966,52,37979.0,48.611459921711756,13,15,Premium,South,0,46-55
967,26,32903.0,1.4780399990921693,21,11,Premium,South,0,26-35
968,56,33670.0,45.397450044583984,40,21,Basic,East,0,56+
969,34,32943.0,14.23233410525009,106,11,Standard,West,0,26-35
970,18,64015.0,24.14851680834714,11,20,Basic,East,0,18-25
971,36,48863.0,33.40622499196561,1,20,Basic,South,0,36-45
972,26,20000.0,28.108809171126843,38,18,Standard,West,1,26-35
973,45,50410.0,20.612937316352536,22,13,Standard,West,0,36-45
974,27,40029.0,18.51448303269187,5,15,Basic,North,0,26-35
975,29,35977.0,24.59328891129591,16,20,Basic,South,0,26-35
976,18,29903.0,43.82524363063503,32,11,Standard,East,0,18-25
977,29,63707.0,34.90695177338801,35,12,Basic,North,0,26-35
978,18,58323.0,11.797091530700017,16,15,Basic,West,0,18-25
979,18,24675.0,55.475133751516246,8,15,Standard,East,0,18-25
980,44,44512.0,7.677377226121533,87,18,Standard,South,0,36-45
981,44,22340.0,48.397463967689056,26,13,Basic,East,0,36-45
982,40,20000.0,36.7693437855412,12,25,Standard,East,0,36-45
983,23,26546.0,8.13391209937486,7,18,Premium,East,0,18-25
984,34,,45.55342931594335,31,12,Standard,North,0,26-35
985,34,58487.0,37.40042746314323,6,21,Premium,West,0,26-35
986,21,46936.0,34.039059318099795,4,23,Standard,East,0,18-25
987,53,52184.0,14.67751624799286,18,16,Basic,West,1,46-55
988,45,47008.0,26.731000106425494,8,22,Premium,North,0,36-45
989,32,26350.0,16.045474274024674,23,15,Standard,South,0,26-35
990,35,45069.0,30.505491860505536,3,16,Standard,South,0,26-35
991,37,54187.0,10.389755243693717,25,14,Standard,East,0,36-45
992,18,52952.0,58.56177790771252,7,10,Standard,North,0,18-25
993,32,65805.0,28.277292831949335,0,12,Standard,South,0,26-35
994,26,51748.0,21.349160042160204,3,11,Premium,North,0,26-35
995,22,43292.0,35.59589768372399,65,11,Standard,North,0,18-25
996,31,62011.0,57.345957338536635,48,16,Standard,East,0,26-35
997,56,35837.0,16.39735907199302,6,12,Standard,East,0,56+
998,42,23366.0,41.380820189462774,36,24,Basic,North,0,36-45
999,28,33472.0,29.331542185761876,22,18,Standard,North,1,26-35
1000,41,25022.0,24.207956740808186,84,12,Premium,East,0,36-45
